{"cameraMode":{"drawMode":0,"name":"Shaded","section":"Shading Mode"},"sceneLighting":false,"audioPlay":false,"sceneViewState":{"m_AlwaysRefresh":false,"showFog":true,"showSkybox":false,"showFlares":true,"showImageEffects":true,"showParticleSystems":true,"showVisualEffectGraphs":true,"m_FxEnabled":true},"in2DMode":false,"pivot":{"x":2.7121338844299318,"y":1.245203971862793,"z":-0.12233100831508637},"rotation":{"x":-0.18774154782295228,"y":0.6107728481292725,"z":-0.15583398938179017,"w":-0.7541182041168213},"size":0.000017320508050033823,"orthographic":false}