{"cameraMode":{"drawMode":0,"name":"Shaded","section":"Shading Mode"},"sceneLighting":true,"audioPlay":false,"sceneViewState":{"m_AlwaysRefresh":false,"showFog":true,"showSkybox":false,"showFlares":true,"showImageEffects":true,"showParticleSystems":true,"showVisualEffectGraphs":true,"m_FxEnabled":true},"in2DMode":false,"pivot":{"x":46.99015426635742,"y":2.150649070739746,"z":11.371065139770508},"rotation":{"x":0.034506384283304217,"y":-0.22498832643032075,"z":0.011942509561777115,"w":0.974206805229187},"size":0.4111279845237732,"orthographic":false}