{"cameraMode":{"drawMode":0,"name":"Shaded","section":"Shading Mode"},"sceneLighting":false,"audioPlay":false,"sceneViewState":{"m_AlwaysRefresh":false,"showFog":true,"showSkybox":false,"showFlares":true,"showImageEffects":true,"showParticleSystems":true,"showVisualEffectGraphs":true,"m_FxEnabled":true},"in2DMode":false,"pivot":{"x":35.57195281982422,"y":4.420000076293945,"z":-76.95783233642578},"rotation":{"x":0.011507301591336728,"y":0.7536779046058655,"z":-0.010273859836161137,"w":0.6579040288925171},"size":0.7071067690849304,"orthographic":false}