{"cameraMode":{"drawMode":0,"name":"Shaded","section":"Shading Mode"},"sceneLighting":false,"audioPlay":false,"sceneViewState":{"m_AlwaysRefresh":false,"showFog":true,"showSkybox":false,"showFlares":true,"showImageEffects":true,"showParticleSystems":true,"showVisualEffectGraphs":true,"m_FxEnabled":true},"in2DMode":false,"pivot":{"x":1.8326560258865357,"y":0.47228720784187319,"z":-0.482195109128952},"rotation":{"x":-0.07112379372119904,"y":0.5243476033210754,"z":-0.0480286180973053,"w":-0.8479657173156738},"size":0.000017320508050033823,"orthographic":false}