{"cameraMode":{"drawMode":0,"name":"Shaded","section":"Shading Mode"},"sceneLighting":false,"audioPlay":false,"sceneViewState":{"m_AlwaysRefresh":false,"showFog":true,"showSkybox":false,"showFlares":true,"showImageEffects":true,"showParticleSystems":true,"showVisualEffectGraphs":true,"m_FxEnabled":true},"in2DMode":false,"pivot":{"x":1.3411812782287598,"y":0.5051732063293457,"z":-0.8144106864929199},"rotation":{"x":-0.1274118423461914,"y":0.47676077485084536,"z":-0.07309079170227051,"w":-0.8674091100692749},"size":0.000017320508050033823,"orthographic":false}